{
  "Bozurug": [
    146719.0,
    57342.0
  ],
  "Xitute": [
    68746.3743027191,
    128525.9153356979
  ],
  "Miwah": [
    70228.0,
    425031.0
  ],
  "Sale": [
    280231.0,
    27494.425739503662
  ],
  "Ryteca": [
    345887.0,
    52419.68101817003
  ],
  "Dokuqo": [
    130720.23237367574,
    216471.0
  ],
  "Caka": [
    566171.9710706355,
    291675.0508901103
  ],
  "Nifyty": [
    124986.92041341047,
    58765.0
  ],
  "Cajiqod": [
    245094.0,
    334055.9770411899
  ],
  "Kopih": [
    227579.0,
    832240.0
  ]
}